question,answer
shop co ship khong,Shop giao hang toan quoc.
shop co giao hang khong,Shop giao hang toan quoc.
ship bao lau,Thoi gian giao hang tu 2 den 5 ngay.
co doi tra khong,Shop ho tro doi tra trong 7 ngay neu loi nha san xuat.
doi tra nhu nao,Shop ho tro doi tra trong 7 ngay neu loi nha san xuat.
shop o dau,Shop hien dang hoat dong online va ho tro khach hang qua website.
co thanh toan khi nhan hang khong,Shop ho tro COD tuy khu vuc.
co cod khong,Shop ho tro COD tuy khu vuc.
shop co ho tro cod khong,Shop ho tro COD tuy khu vuc.
thanh toan khi nhan hang duoc khong,Shop ho tro COD tuy khu vuc.